ClientID,Name,Surname,NIP
1,Ivy,Williams,7113006470
2,Jack,Smith,7390972041
3,Alice,Davis,7056520091
4,Gina,Williams,3200990562
5,Alice,Williams,2896361716
6,Eve,Miller,8170930464
7,Jack,Moore,4984180632
8,Ivy,Jones,9238390581
9,Eve,Jones,7467621739
10,Bob,Johnson,5862798712
11,Charlie,Davis,7717042896
12,Henry,Smith,8020378914
13,Jack,Garcia,6902924892
14,Eve,Wilson,2500787093
15,Charlie,Garcia,1177689029
16,Eve,Johnson,7739918709
17,Henry,Johnson,2701428508
18,Gina,Wilson,1898759580
19,Diana,Davis,3850516507
20,Henry,Garcia,5540103552
21,Frank,Jones,7965635936
22,Charlie,Wilson,6649927642
23,Frank,Moore,3763838579
24,Gina,Moore,9250655776
25,Alice,Davis,3848936059
26,Frank,Williams,7084029682
27,Ivy,Miller,5724422820
28,Gina,Davis,1637608240
29,Charlie,Williams,4027591913
30,Diana,Miller,4203648152
31,Ivy,Brown,6107753880
32,Henry,Moore,2123855616
33,Jack,Wilson,7908122998
34,Diana,Wilson,4789513396
35,Gina,Jones,5738560544
36,Henry,Miller,7310178581
37,Eve,Garcia,8965381012
38,Gina,Johnson,5521135828
39,Ivy,Garcia,7058062353
40,Charlie,Johnson,5077316258
41,Frank,Garcia,4823365361
42,Eve,Jones,5835232376
43,Diana,Moore,7456672591
44,Ivy,Davis,2110306015
45,Ivy,Jones,1062053402
46,Frank,Jones,1770517660
47,Bob,Jones,4173208008
48,Ivy,Moore,2632221241
49,Frank,Moore,8469900386
50,Charlie,Miller,7089242295
51,Diana,Brown,8758246434
52,Diana,Johnson,9036115332
53,Bob,Wilson,7067967431
54,Bob,Wilson,1215737879
55,Gina,Miller,3466397654
56,Eve,Garcia,1692911098
57,Gina,Garcia,3800368559
58,Alice,Miller,4043247399
59,Charlie,Smith,6359866346
60,Jack,Miller,5630501835
61,Bob,Brown,4015116324
62,Henry,Wilson,3852937603
63,Ivy,Miller,6191520137
64,Jack,Moore,4012250279
65,Charlie,Jones,3553710299
66,Diana,Davis,8974830155
67,Henry,Williams,8677898903
68,Ivy,Miller,9957876482
69,Diana,Davis,6776478261
70,Charlie,Miller,4826146497
71,Alice,Wilson,1372463573
72,Diana,Davis,3331372746
73,Gina,Williams,6817993132
74,Bob,Davis,5730227428
75,Charlie,Miller,9977717886
76,Alice,Johnson,8400057452
77,Charlie,Davis,4874137327
78,Henry,Williams,1545373713
79,Gina,Johnson,6419709466
80,Jack,Smith,6485704672
81,Eve,Wilson,3838628527
82,Henry,Miller,2984775819
83,Charlie,Johnson,8624417146
84,Diana,Williams,3186610160
85,Frank,Brown,5810323871
86,Ivy,Davis,5563193772
87,Ivy,Williams,8679086962
88,Gina,Moore,7634164129
89,Charlie,Davis,3548619151
90,Eve,Brown,8933380675
91,Alice,Moore,5076291266
92,Charlie,Garcia,4832972397
93,Bob,Garcia,1499910962
94,Diana,Davis,6819243349
95,Bob,Moore,8515960091
96,Gina,Johnson,5763161462
97,Diana,Brown,6884776323
98,Frank,Brown,2133780249
99,Diana,Jones,1541273444
100,Gina,Wilson,8481934923
