UserID,E-mail,Gender,Location,Interests,BirthYear,Age
1,robert.williams@outlook.com,Other,Sydney,Cooking,1963,61
2,david.miller@gmail.com,Other,Los Angeles,Fitness;Finance;Music,1957,67
3,jane.williams@outlook.com,Male,London,Movies;Fitness;Finance,1988,36
4,emily.davis@testmail.com,Female,Berlin,Technology;Sports;Travel,1991,33
5,daniel.garcia@yahoo.com,Male,New York,Technology;Art;Music,1997,27
6,robert.smith@example.org,Female,Los Angeles,Sports;Finance;Technology,1970,54
7,emma.johnson@outlook.com,Other,Warsaw,Travel;Fitness;Music,1958,66
8,david.johnson@yahoo.com,Male,Tokyo,Fitness;Gaming,1960,64
9,michael.miller@gmail.com,Male,Tokyo,Music;Gaming;Travel,1980,44
10,jane.johnson@example.org,Male,Madrid,Fitness;Music;Gaming,1961,63
11,david.smith@example.org,Female,New York,Movies;Finance;Fitness,1966,58
12,emily.williams@testmail.com,Other,Los Angeles,Art,1993,31
13,michael.miller@outlook.com,Other,Los Angeles,Finance,1990,34
14,michael.wilson@example.org,Other,London,Movies;Music,1971,53
15,daniel.smith@gmail.com,Other,Berlin,Finance;Technology;Movies,1991,33
16,daniel.jones@gmail.com,Female,New York,Finance,1960,64
17,olivia.rodriguez@testmail.com,Female,London,Art;Travel,1964,60
18,jane.jones@yahoo.com,Female,Berlin,Cooking;Movies,1960,64
19,emma.williams@outlook.com,Male,Berlin,Sports,1965,59
20,john.johnson@outlook.com,Other,Madrid,Fitness,1961,63
21,jane.johnson@gmail.com,Other,New York,Movies;Sports;Travel,1988,36
22,daniel.miller@yahoo.com,Female,New York,Travel,1958,66
23,robert.williams@outlook.com,Other,Sydney,Movies,1998,26
24,emily.rodriguez@testmail.com,Female,Warsaw,Technology;Sports;Movies,1997,27
25,olivia.miller@yahoo.com,Other,Los Angeles,Art;Music;Fitness,1988,36
26,daniel.miller@example.org,Other,Sydney,Music;Gaming,1983,41
27,emily.brown@yahoo.com,Female,New York,Technology;Finance;Art,1987,37
28,robert.smith@example.org,Female,Berlin,Art;Movies,1997,27
29,emily.miller@yahoo.com,Other,Tokyo,Travel;Technology;Fitness,1996,28
30,emma.jones@example.org,Female,Sydney,Finance;Gaming,1958,66
31,robert.johnson@testmail.com,Male,Tokyo,Travel,1995,29
32,john.rodriguez@gmail.com,Female,New York,Music;Movies,1986,38
33,emily.brown@gmail.com,Other,Madrid,Music,1994,30
34,michael.miller@gmail.com,Male,Berlin,Fitness,1989,35
35,robert.miller@gmail.com,Other,Warsaw,Cooking;Technology;Travel,1980,44
36,jessica.rodriguez@example.org,Male,London,Art,1982,42
37,emily.davis@yahoo.com,Female,Tokyo,Music;Movies,1969,55
38,david.rodriguez@example.org,Other,Berlin,Art,1961,63
39,robert.brown@yahoo.com,Female,New York,Sports,1977,47
40,david.wilson@testmail.com,Male,London,Movies;Music;Cooking,1984,40
41,emma.jones@yahoo.com,Other,New York,Finance,1985,39
42,robert.davis@yahoo.com,Other,Sydney,Movies,1980,44
43,jessica.davis@example.org,Female,Berlin,Travel,1959,65
44,john.davis@testmail.com,Male,New York,Movies;Finance,1958,66
45,john.davis@outlook.com,Male,Los Angeles,Technology;Finance;Movies,1954,70
46,michael.miller@example.org,Other,Tokyo,Technology;Movies,1995,29
47,michael.johnson@outlook.com,Other,Warsaw,Music;Gaming;Sports,1993,31
48,emma.davis@gmail.com,Male,Warsaw,Cooking;Gaming;Finance,1985,39
49,jane.brown@gmail.com,Female,Warsaw,Music;Technology;Movies,1986,38
50,jessica.miller@testmail.com,Female,Tokyo,Travel,1996,28
51,john.brown@example.org,Female,Berlin,Sports,1961,63
52,daniel.williams@testmail.com,Female,Sydney,Sports,2000,24
53,jane.garcia@gmail.com,Other,New York,Gaming;Finance,1995,29
54,john.brown@yahoo.com,Female,Warsaw,Technology;Art;Movies,1965,59
55,emma.brown@example.org,Female,Warsaw,Gaming,1987,37
56,emma.williams@outlook.com,Male,Los Angeles,Fitness;Music;Technology,1954,70
57,john.wilson@example.org,Male,London,Art,1976,48
58,robert.jones@example.org,Female,Tokyo,Fitness;Movies;Art,1984,40
59,jessica.wilson@yahoo.com,Male,Madrid,Art,1994,30
60,jessica.miller@example.org,Male,Madrid,Finance;Music;Movies,1962,62
61,daniel.miller@testmail.com,Other,Madrid,Fitness;Movies,1982,42
62,olivia.jones@outlook.com,Female,Warsaw,Art,1980,44
63,john.rodriguez@yahoo.com,Male,Los Angeles,Art;Music,1979,45
64,jane.williams@example.org,Female,Los Angeles,Technology;Art;Movies,1967,57
65,jane.brown@gmail.com,Male,Warsaw,Movies,1976,48
66,emma.williams@outlook.com,Female,Berlin,Travel;Cooking,1988,36
67,david.johnson@gmail.com,Other,Warsaw,Technology;Sports,1960,64
68,david.williams@gmail.com,Female,Tokyo,Technology;Cooking;Finance,1986,38
69,emma.garcia@gmail.com,Other,London,Gaming,1961,63
70,olivia.johnson@example.org,Male,Warsaw,Movies;Cooking,1972,52
